Model,Konfigurasi,AP50_semua,AP50_kecil,AP50_sedang,AP50_besar,ms/citra,AP50:95_semua,AP50:95_kecil,AP50:95_sedang,AP50:95_besar,AR50_kecil
YOLO11n zero-shot,640,0.304,0.171,0.583,0.871,17.804,0.157,0.061,0.329,0.686,0.297
YOLO11n zero-shot,960,0.418,0.288,0.679,0.895,18.582,0.225,0.115,0.422,0.745,0.484
YOLO11n zero-shot,1280,0.488,0.362,0.728,0.894,22.45,0.27,0.159,0.474,0.75,0.589
YOLO11n zero-shot,tiling,0.464,0.341,0.696,0.857,85.39,0.242,0.141,0.422,0.65,0.576
YOLO11n zero-shot,tiling+penuh,0.457,0.336,0.69,0.874,103.773,0.239,0.138,0.419,0.669,0.573
YOLO11s zero-shot,640,0.397,0.256,0.679,0.917,18.174,0.214,0.1,0.419,0.762,0.402
YOLO11s zero-shot,1280,0.565,0.448,0.78,0.938,37.785,0.322,0.203,0.531,0.804,0.661
YOLO11s zero-shot,tiling,0.526,0.41,0.736,0.886,98.281,0.286,0.175,0.473,0.713,0.642
YOLO11n fine-tuned,640,0.455,0.29,0.76,0.947,18.565,0.238,0.108,0.473,0.775,0.526
YOLO11n fine-tuned,960,0.555,0.415,0.81,0.936,19.189,0.3,0.171,0.533,0.77,0.679
YOLO11n fine-tuned,1280,0.591,0.471,0.811,0.901,22.634,0.321,0.2,0.541,0.722,0.745
YOLO11n fine-tuned,tiling,0.573,0.462,0.786,0.873,86.357,0.299,0.19,0.499,0.66,0.715
YOLO11n fine-tuned,tiling+penuh,0.57,0.451,0.794,0.915,109.434,0.299,0.185,0.505,0.717,0.718
